Max,Min,Mean,Std,RMS,Skewness,Kurtosis,Crestfactor,Formfactor,Fault
1.079,-1.257,-0.1143296303530445,0.1060333887876071,0.1559536476438052,0.0529620441729233,6.342641784141703,6.928499626760175,-1.364280603525244,Roller Element
1.1485,-1.1755,-0.1138959665999316,0.1096250586660366,0.1580906244154996,0.0553934473885225,6.809249462332956,7.265126115812138,-1.388116936893987,Roller Element
1.4489999999999998,-1.1805,-0.1135938034083695,0.1107077525526093,0.1586164409294069,0.1548316480012589,9.259709012459474,9.0980840871467,-1.3963348703130718,Roller Element
0.8254999999999999,-1.1385,-0.1144736315249768,0.1056803463721926,0.1558046062369084,-0.0986263068293053,5.176749695783865,5.312137036387477,-1.360969932002523,Roller Element
1.057,-1.2,-0.1170329117632696,0.1090341874894824,0.1599518941374765,0.0361531909006625,5.77717215234762,6.616105447210439,-1.3667569246404023,Roller Element
1.2345000000000002,-1.3015,-0.1151742272571902,0.1122889615335554,0.1608548643333219,0.1186886711639767,8.557273021603947,7.678738574625516,-1.3966416582438468,Roller Element
1.0415,-1.3355,-0.1147764783436691,0.1101179057049711,0.1590641008719941,0.0805411885357766,7.136811252556391,6.54910288237739,-1.3859579291338104,Roller Element
1.4735,-1.4380000000000002,-0.1134338102446408,0.1124769302006452,0.1597470212588999,0.1775091762215446,10.8207306193375,9.217634870158168,-1.4083000684814335,Roller Element
1.116,-1.084,-0.114062136823087,0.1071298041032033,0.1565040552926777,0.239304565368427,6.751721090887999,7.134392229995705,-1.3722233885348325,Roller Element
0.7945,-1.1935,-0.1145361589921382,0.1074952572241803,0.1570886478943376,0.0451574540916439,5.322969380270063,5.0610934290654,-1.371492296724771,Roller Element
1.26,-1.321,-0.1141503491381415,0.1088110064389962,0.1577045900994191,0.0089886694857791,7.570927547147567,7.9894643721367,-1.3816261109272368,Roller Element
1.3145,-1.3355,-0.1147354851311099,0.1097226476725752,0.1587638987395181,-0.0469440927283424,8.377837725213304,8.248354678662903,-1.3836883705277372,Roller Element
1.095,-1.3125,-0.1143500903364422,0.1106623257220833,0.1591336326819393,0.1268354603196067,7.34113642658895,6.874190980258578,-1.3916435188332992,Roller Element
1.233,-1.2525,-0.1144300991259338,0.1096707429520348,0.1585090688867132,0.0034077982987135,8.217429019876146,7.768435370712298,-1.3851749915635885,Roller Element
0.8105,-1.096,-0.1146172420528346,0.109348326546107,0.1584166008422323,0.0449156434770015,4.68109449151695,5.114421496030513,-1.3821354529450145,Roller Element
1.0805,-1.1669999999999998,-0.1143483812686166,0.1104777697264667,0.1590010677767611,-0.007919804750911,6.240761343142849,6.791061783364219,-1.390506503316976,Roller Element
1.0335,-1.4305,-0.1141315493920601,0.1115854348362707,0.1596142625663855,0.0888064672730186,7.779774416232613,6.475965292353029,-1.3985109325873162,Roller Element
1.034,-1.091,-0.1148720884808828,0.1088924424437624,0.1582948925967414,0.0444251373281077,6.035641810066938,6.540717054085624,-1.3779780157594874,Roller Element
1.0635,-1.174,-0.1146822598759705,0.1101005775542004,0.1589793952232588,0.1530602091823539,6.64207161473666,6.687095661504704,-1.3862595431189726,Roller Element
0.963,-1.2695,-0.1144008740661165,0.1100581747419425,0.1587481331159824,-0.0174985551285049,5.713298653005638,6.06435416264976,-1.3876464948283642,Roller Element
1.2955,-1.4125,-0.114723790224132,0.1135294735810396,0.1614001398265414,0.0542091525187109,8.352907231106668,8.024851381338108,-1.406862482827044,Roller Element
1.295,-1.3595000000000002,-0.1144878656184384,0.1146172224586027,0.1620011916665448,-0.013617247431774,7.988527203547653,7.99073562515544,-1.4150208906421908,Roller Element
1.274,-1.388,-0.1197246447580448,0.1138827300835347,0.1652580206102167,0.0207934194327623,8.221036796696707,7.716758540365541,-1.3809419958878109,Roller Element
0.969,-1.3424999999999998,-0.1145812051369696,0.1124587406465895,0.1605465839200374,-0.1440379633040873,7.186318036189289,6.036115289916973,-1.4011607377125683,Roller Element
1.079,-1.3405,-0.1144669905757117,0.1140442192479415,0.1615811604871849,-0.0125269626601918,7.278537393293312,6.677998748276263,-1.4115991376678825,Roller Element
1.1705,-1.129,-0.1149753161775477,0.1108667676159947,0.1597261433445908,0.1332495222366441,7.004938405798633,7.33008864701095,-1.3892842433430186,Roller Element
1.072,-1.262,-0.1142271839445285,0.1135975895976473,0.1610951237675283,0.081502687570321,7.152430774859473,6.654714470841537,-1.4103054090593017,Roller Element
1.2645,-1.2905,-0.114665218028224,0.1129269249662469,0.1609363397606735,0.1232131013554077,7.112323850002321,7.857554301434878,-1.4035297743837991,Roller Element
1.1829999999999998,-1.0855,-0.1139110308120513,0.1124493399021198,0.1600710911316724,0.2583630272962059,7.109999634581518,7.391519236201134,-1.4052601870554753,Roller Element
1.0645,-1.4525,-0.1150837931539625,0.1142295913790117,0.1621482108822092,-0.107641796834338,8.28124857646411,6.564892100430309,-1.4089582099091515,Roller Element
1.4745,-1.5065,-0.1146367010107915,0.1130863869678938,0.1610265211003555,0.1343495950636463,9.398888965705392,9.156148245445944,-1.404665763594991,Roller Element
1.084,-1.372,-0.1144991454660872,0.1130608610940821,0.1609160774844109,0.0289951002836846,7.998513687292923,6.725848128164674,-1.4053643110291023,Roller Element
1.112,-1.101,-0.1142484984618389,0.1130908976375712,0.1607533701326315,0.3228810909605861,8.462680453819303,6.914668935229836,-1.4070501737598726,Roller Element
1.089,-1.7005,-0.1146237609258264,0.1133839309734051,0.1612263756000246,-0.1299186020099482,8.561501601925713,6.756825925900065,-1.4065692699455947,Roller Element
0.944,-1.25,-0.1143906440744177,0.1144922027137668,0.1618460410419063,-0.0890316897451777,6.276310079239844,5.825280693083009,-1.4148279971888484,Roller Element
1.146,-1.3210000000000002,-0.1137806777674691,0.1138732600154997,0.160974522888486,0.1833839859367786,7.577135811523703,7.121623739459569,-1.41475973121935,Roller Element
1.205,-1.4395,-0.1450125494408906,0.1123252541541075,0.1845440701509282,0.0503447929760499,7.763073473424881,6.65316443796193,-1.2978581151962962,Roller Element
1.029,-1.625,-0.1147375848430099,0.1143999313638246,0.1620292314336742,-0.2139824282500938,9.326035543550738,6.346606056620525,-1.412228866296045,Roller Element
1.405,-1.2535,-0.1143251135309341,0.1153747502750568,0.1624220866219426,0.0661951939018863,7.535393327061026,8.64857308865535,-1.420697093357106,Roller Element
1.243,-1.156,-0.1157478392499633,0.1153459816220358,0.1634063136345893,0.0522269659310405,7.257256939800241,7.609011360600334,-1.4117474618748085,Roller Element
1.322,-1.697,-0.1148113921578202,0.1130463711581656,0.1611229758803191,0.0051912558157784,11.471885780073787,8.208303599046387,-1.4033622280255242,Roller Element
1.4340000000000002,-1.277,-0.1150548366619463,0.1137098481033659,0.1617619058527247,0.08662798614707,8.930671704152754,8.8661391723145,-1.405954711443803,Roller Element
1.133,-1.409,-0.1161312564090043,0.1140188091490731,0.1627498117082329,0.0074324388420723,6.915717072647125,6.946264320894077,-1.4016235813719442,Roller Element
1.072,-1.2295,-0.1134517310415547,0.1142155180949926,0.1609849449608527,0.0910237073983882,6.291972539813253,6.659413472406781,-1.418992196885765,Roller Element
1.189,-1.2485,-0.1142180770545436,0.112590047427573,0.1603817378427839,0.1235264754410866,7.573503294661667,7.410648905620111,-1.4041652723693976,Roller Element
0.957,-1.338,-0.1145428731871673,0.1115865193684498,0.1599099152478225,-0.1732094042022978,7.436159586332934,5.984641714990719,-1.396079249056965,Roller Element
1.409,-1.311,-0.1146627032569949,0.1139526994616498,0.1616546070062241,0.1443615462932695,9.099518949219108,8.716198336165531,-1.4098331351251727,Roller Element
1.7005,-1.5795,-0.1121253479173787,0.1258974507327132,0.1685982123045485,0.0423758199118884,11.53555935971611,10.10824523551365,-1.5036791975025336,Roller Element
1.2545,-1.472,-0.113673055324967,0.1233589148992796,0.1677447613185619,-0.0443678311733806,10.40463756210903,7.479798104185092,-1.4756792500954394,Roller Element
1.21,-1.6175,-0.1147308706479808,0.126265108606198,0.170612978835605,-0.1350761130367013,11.262903918507444,7.090201410325491,-1.4871168680484446,Roller Element
1.608,-1.9945,-0.1153152985985643,0.127919130088236,0.1722361509888392,-0.209794886142693,15.826862011404987,9.335246690129122,-1.493602431244723,Roller Element
1.057,-1.4645,-0.1149264368377362,0.1211106078798759,0.1669666395842524,-0.1444464881207132,8.476317986793346,6.322842379090075,-1.4528455770017104,Roller Element
1.505,-1.5185,-0.1148766541335026,0.1235233588534522,0.1686841357973459,0.3062897970059037,13.39312147237148,8.928065706365894,-1.4683818430888684,Roller Element
1.5425,-1.578,-0.1142353630548366,0.1240848938451355,0.1686595586930004,-0.0564793940481397,12.33384205234077,9.145351447177823,-1.4764274129816837,Roller Element
1.832,-1.8685,-0.1146863616387518,0.1262350405053962,0.1705623727625894,0.2097396850014226,16.431476039099437,10.768715531623885,-1.487278343207162,Roller Element
1.0485,-1.3345,-0.1146357488158601,0.1212469702488724,0.1668579639533445,-0.0369077545353185,8.119657187214562,6.283888834469416,-1.4555590620617738,Roller Element
1.46,-1.8375,-0.1155072269153767,0.1254608310708202,0.1705471948861494,0.0461693700443525,14.47941234725037,8.547995693382028,-1.4764128536823184,Roller Element
1.7160000000000002,-1.409,-0.1143776551589433,0.1266560820846886,0.1706553462668768,0.2427314150671079,11.979697607328156,10.063527447781029,-1.4920275585534064,Roller Element
1.472,-1.8765,-0.1146862883929879,0.1318488187627965,0.1747941314411097,0.1275634495722399,12.34609848735156,8.38885480020943,-1.5240112035581823,Roller Element
1.1745,-1.461,-0.1161464182821427,0.1240837849972035,0.1699719873789749,0.0775078426324228,8.951325378510141,6.904361101590453,-1.4634808599927809,Roller Element
1.1905,-1.7245,-0.1147945456321109,0.1287394546698897,0.1724946057657412,-0.0272608021837679,10.283218294021594,6.901910824486146,-1.5026698870739297,Roller Element
1.8395,-1.808,-0.114382855608184,0.1344029077404684,0.1765217568616603,0.0749240967110237,13.546802373628903,10.371277872256693,-1.5432888594930882,Roller Element
1.5099999999999998,-1.6795,-0.1152108013086576,0.1270053297560563,0.1714790005798967,0.0114768784767304,11.41212625718072,8.831122923131469,-1.488303319246393,Roller Element
1.4075,-1.406,-0.1141522779432589,0.1295954344307861,0.1727034406895527,0.0642736219837665,9.832709856904104,8.18462807862523,-1.5128593184294916,Roller Element
1.47,-1.6920000000000002,-0.1143901801845793,0.1317019548920746,0.1744642183963103,-0.1688876461205816,12.780506737203158,8.376327330613217,-1.5250581760936397,Roller Element
1.1035,-1.6735000000000002,-0.1156040822305776,0.1295573426611712,0.173659776542876,-0.1730008052170563,8.59626157777808,6.348154582165932,-1.5020181374210986,Roller Element
1.488,-1.721,-0.1148281898530201,0.131497682477732,0.1745891887543315,-0.1127094628563745,10.42163872763158,8.516912831241342,-1.5203945764643003,Roller Element
1.1195,-1.73,-0.115019239220665,0.1258659808830342,0.1705218627246085,-0.2213408201572757,10.217877412010523,6.5511918292210805,-1.4825628752997044,Roller Element
1.1805,-1.588,-0.1152107280628937,0.1235992909661687,0.1689674819018567,-0.1910421027775539,9.234398860652028,6.989870567501983,-1.4666079297633812,Roller Element
1.361,-1.594,-0.113098735289809,0.126722059615175,0.169858777872722,0.3772793719429714,9.56938399786359,8.016794479850654,-1.5018355432580854,Roller Element
1.1965,-1.2719999999999998,-0.1166523023585136,0.1272374720375782,0.1726305894846161,0.009074028855382,6.465699795687418,6.932503810881347,-1.4798356139190243,Roller Element
1.283,-1.4925,-0.1173455490990771,0.125957190012117,0.1721622007272988,-0.1446426220803307,8.454100931333787,7.434787092622441,-1.467068604657073,Roller Element
1.2975,-1.401,-0.116990966355779,0.1282698976644481,0.1736125519273121,0.1180602696719541,7.386257750153701,7.469973832484349,-1.483929976145028,Roller Element
1.401,-1.714,-0.1152083109526832,0.1318643162238485,0.1751270208309116,-0.1394479821561164,8.848727086820166,7.976227568421886,-1.5200723879754574,Roller Element
1.2134999999999998,-1.404,-0.1157490844279505,0.1286850854791376,0.1730945617523728,0.0406916686329491,6.607437158000665,7.018791170635737,-1.4954031874365743,Roller Element
1.3305,-1.389,-0.1146042287221055,0.1298219720101318,0.1731794580839571,0.0299175553917652,7.588520311453883,7.687298514155696,-1.511061475728129,Roller Element
1.41,-1.271,-0.1143164217002783,0.1305713176410544,0.1735649448227736,0.2859083280880174,8.310957246673762,8.142126566934653,-1.5182824195366584,Roller Element
0.9325,-1.6829999999999998,-0.1164451389227989,0.1264009723435156,0.1718712025950627,-0.1758567961773618,6.898832328840587,5.4081734993489095,-1.4759768381561704,Roller Element
0.935,-1.306,-0.1146738121978612,0.1295719419134063,0.173052986218564,0.0234547933789122,5.675167931620122,5.400101022224112,-1.5091199951248775,Roller Element
0.8765000000000001,-1.569,-0.1142878558523365,0.1294983551947584,0.1727489834535787,-0.1246590782410833,5.810565864289,5.062106027194308,-1.5115135115649094,Roller Element
1.1975,-1.2374999999999998,-0.1155677767469114,0.1279549528670574,0.1724248445247505,0.1253202725958669,5.752877875380265,6.96778247036675,-1.4919372352758542,Roller Element
1.177,-1.2925,-0.1148623956247863,0.1321575660647985,0.1751516701946081,0.0320887625075362,6.888876158359701,6.678371637742801,-1.524842895823869,Roller Element
1.0915,-1.5635,-0.1149299282191513,0.1278927751915496,0.1719552879358652,-0.053860300843889,6.408989057326532,6.34793000858653,-1.4961996560089172,Roller Element
1.333,-1.517,-0.1160367693735045,0.1306873623186062,0.1747939450686146,0.0580562769096502,5.950364733459805,7.609435651745386,-1.5064200537085508,Roller Element
1.0705,-1.544,-0.1142372674446994,0.1298444097766428,0.1729646697906145,0.0745567636649965,6.848422390192442,6.184858776823974,-1.514006111117709,Roller Element
1.228,-1.3565,-0.1140372820938522,0.1296281340350016,0.1726791772869868,0.0563259717810006,6.803153773143958,7.106331847221703,-1.5143945104571932,Roller Element
1.3515,-1.443,-0.1158659114214561,0.1310872088037655,0.1749766075236222,-0.1300473722238932,6.615887753164441,7.728174435484206,-1.5100560717095843,Roller Element
1.295,-1.4355,-0.1149075150153816,0.1277288173709929,0.1718250458140124,0.0929599802156607,6.969091225449867,7.533532295807173,-1.4953343209116532,Roller Element
1.1745,-1.1585,-0.1139867181014698,0.1294251257498074,0.1724866810253806,0.1224055729175224,5.7140930198721085,6.861447774243253,-1.5131166512023748,Roller Element
1.105,-1.1435,-0.1145007324576395,0.1289393093405547,0.1724613150142446,0.2407293755015255,5.3624569054341045,6.419096510745561,-1.5061201991025237,Roller Element
1.0405,-1.383,-0.1142560671907808,0.1280350369097732,0.1716206295557273,0.086742012838827,6.534730302174068,6.050028380458807,-1.5020779030928546,Roller Element
1.095,-1.3285,-0.1146413399091752,0.1290533594971921,0.1726297069117675,0.0464603443289629,5.641580900929916,6.337832066880989,-1.5058623674505045,Roller Element
0.924,-1.2215,-0.1157094340543972,0.1286470166872124,0.1730441198518617,-0.0379341451267522,5.3282428077165696,5.337175109745434,-1.4955777720815506,Roller Element
1.2305,-1.1925,-0.1148880804726793,0.1261363665353352,0.1706180440433902,0.1302915879885501,4.855940699360324,7.218012426724332,-1.485089083512879,Roller Element
0.952,-1.481,-0.1143819034132526,0.1313206538432458,0.1741766006306608,-0.0191698582162963,5.315208302747373,5.462096534516175,-1.5229031113603508,Roller Element
1.422,-1.157,-0.1154379364226769,0.1278351089880893,0.1722439270454655,0.129130345721619,6.0739677458277095,8.274067488298112,-1.4920732760755282,Roller Element
1.156,-1.0875,-0.1143510425313736,0.1274791555799613,0.1712571899913525,0.0729780436013612,5.167723351883423,6.758899549136695,-1.4977010551811654,Roller Element
0.831,-1.141,-0.1149926998388593,0.1298018286351588,0.1734308417225042,-0.0057529030765115,4.414788925829564,4.790636531533449,-1.5083397198544504,Roller Element
0.9825,-1.5345,-0.1164821036183407,0.1337447480879738,0.1773692393845959,-0.0824282611680543,6.482986787753843,5.550585137140887,-1.52275056702203,Roller Element
1.0805,-1.3145,-0.1137824356658039,0.1310088348399532,0.173521061329187,0.0810951225081392,5.415459868987832,6.225507615973816,-1.524989127491732,Roller Element
1.7335,-1.9175,-0.1159195273206699,0.1450820735467857,0.1857256872250288,0.0250378649121705,12.186280815567892,9.320222521444844,-1.6020135998352896,Roller Element
1.6765,-1.8825,-0.1154628888129303,0.1484110380265847,0.1880553048563397,0.015733130765988,13.759031641944455,8.912948150065883,-1.6286856729599777,Roller Element
2.0835,-1.9795,-0.1148564627179061,0.1483312777832749,0.1876258818334734,0.2123756063230944,14.957151161391469,11.072871146616112,-1.6336001927095345,Roller Element
1.488,-1.8385,-0.1136890717320181,0.1448868547021642,0.1842234342492928,0.0937432711507451,9.10633548044613,8.03938471700751,-1.6203832808644827,Roller Element
1.9755,-2.191,-0.115070535670687,0.1461655358481087,0.186063510895579,-0.0789333809513622,15.025160886517613,10.584739059775767,-1.6168997889683625,Roller Element
1.4565,-1.9835,-0.1144144245324478,0.1434346602328479,0.1835380149477633,-0.1112121744388836,11.82601468830472,7.945664299625978,-1.6042378635660954,Roller Element
1.946,-1.5895,-0.1151772791640216,0.1467403557426613,0.1865671167335671,0.3271449177506013,12.033140716779007,10.418370707875589,-1.6197750869007566,Roller Element
1.6665,-1.6589999999999998,-0.1151192929342252,0.1442692858557719,0.1845847663641483,0.128625056361852,12.57746797695564,8.999726528168654,-1.603431162013521,Roller Element
1.5475,-1.5034999999999998,-0.1144472874652082,0.1377707639848415,0.1791117357170936,0.2059979589770841,7.923043935734419,8.63738930113315,-1.5650831055066574,Roller Element
1.428,-1.4245,-0.1143887640998095,0.1391264884880532,0.1801339950449651,0.0389827393672006,6.226551992456481,7.902732547308992,-1.574813735210113,Roller Element
2.0655,-1.7935,-0.1155981981542067,0.1487763880308645,0.1884172988953404,0.0577590978490448,11.45996006543443,10.968020987283523,-1.6299191570361602,Roller Element
2.007,-1.943,-0.1141432198837834,0.1467626341077337,0.1859297241361682,0.0191520922354881,10.152813057604366,10.777930498909246,-1.6289228521184302,Roller Element
1.6635,-1.8545,-0.1143133697934469,0.1413202265225272,0.1817638336770645,0.0909180460830889,8.792841659787568,9.151713923151158,-1.5900567247608426,Roller Element
1.3075,-2.528,-0.1149993407881244,0.144276870695831,0.1845060335742033,-0.1729401820508473,11.61431294460672,7.077239039286881,-1.6043892689574912,Roller Element
1.1949999999999998,-1.57,-0.1139239464817618,0.1400462445581757,0.1805302978401884,-0.0278658903207792,6.526376379389754,6.617888616292264,-1.5846362212704288,Roller Element
1.4035,-2.5425,-0.1142811904878167,0.1490038295719487,0.1878032194989209,-0.2005063842368964,12.12471287116143,7.46114079619467,-1.6432423812746657,Roller Element
1.0695,-1.8485,-0.115756262512818,0.1452280150360139,0.1857378635532747,-0.2538114030927839,8.096951580350371,5.756694022896399,-1.6045710456248814,Roller Element
1.8395,-1.65,-0.114657869036574,0.1479626523873162,0.1871897224279521,0.0648064280604427,9.205938719854544,9.810679442813177,-1.6325943376205394,Roller Element
1.614,-1.6675,-0.1112094828849064,0.1487418036139642,0.185753643022841,0.272681789941013,9.210349511276956,8.689264799154667,-1.6714883003163434,Roller Element
1.7225,-1.553,-0.1129268274818106,0.1500308299211002,0.1878321897940439,0.217244415066327,7.427141973541915,9.172633399333714,-1.6645904329898598,Roller Element
1.2905,-1.3239999999999998,-0.1142854143268714,0.1449233083730214,0.1845628394548157,0.1601015925087781,5.545321835920444,6.994823348725365,-1.614907161874055,Roller Element
1.4085,-2.147,-0.1142554568094145,0.1517401600453513,0.1899498338135113,-0.2999401550181217,10.450546321138036,7.415283030074695,-1.6625107695197092,Roller Element
1.4455,-1.5785,-0.1133871771082572,0.1470562771668668,0.1856919114466916,0.1641613681546623,7.5204129367584,7.781758112823464,-1.6375956436301882,Roller Element
1.9485,-2.794,-0.1142329215293715,0.1539631387098691,0.1917215072153014,-0.2691261719022186,16.31243634062666,10.175886788250148,-1.6786055204101158,Roller Element
1.5419999999999998,-1.567,-0.1124563699399384,0.1494328085280741,0.1870288078986196,0.0740632179482279,6.835969588740225,8.258487626166495,-1.663311891852184,Roller Element
2.1585,-1.903,-0.1172909077591679,0.1531340810030378,0.1929107802126285,0.2865352279984883,16.934812888518376,11.22919226161372,-1.6456331600482237,Roller Element
2.439,-2.36,-0.1146894379608379,0.1636391019235461,0.1998255782214392,-0.0816362679658537,21.29487514474814,12.19839788010476,-1.7423112554700109,Roller Element
2.539,-2.3415,-0.1150745641877044,0.155370682361213,0.1933537912142221,0.2622841280951182,17.86850409287907,13.147157391386989,-1.680231154073505,Roller Element
3.069,-3.888,-0.1140817666878265,0.1691389753617278,0.2040672055284815,-0.0462327172483563,44.142013180798365,15.00900880641088,-1.789125765162098,Roller Element
2.8885,-2.8015,-0.114237926656575,0.1644512670018431,0.2002366827794167,0.744386351732927,32.85617299448138,14.407997741424484,-1.7528506291662818,Roller Element
2.3025,-2.8515,-0.1143696469554177,0.161217194607747,0.1976645505164108,-0.0939542938436444,23.09539885403487,11.630380713380951,-1.7282922629492958,Roller Element
1.666,-1.9395,-0.1168326334293666,0.1570715054571596,0.1957553355457468,-0.2766390629015113,12.56806954918705,8.510424139003046,-1.6755228224604348,Roller Element
3.7085,-3.4805,-0.113225889936032,0.1818811230624802,0.2142431939875311,0.3662720167623287,52.9391519782939,17.307986925490997,-1.892249220939859,Roller Element
1.913,-2.992,-0.1144509009228966,0.1607634965614516,0.1973519227317979,-0.6696912618166647,17.20287337359493,9.705345600257855,-1.7246494259405036,Roller Element
2.6475,-3.7125,-0.1158246008105864,0.1724597093961395,0.2077498231933746,-0.6153782149299822,42.47004282644684,12.774853479277835,-1.7934200189395262,Roller Element
1.9995,-2.057,-0.1132442013770203,0.1512424119854167,0.1889387260752522,0.133935186060479,9.828753985425548,10.574626801001376,-1.6683804087620469,Roller Element
2.0705,-2.234,-0.114645905561795,0.1528414226255805,0.1910597150801001,-0.1167921379028955,13.72953000566672,10.838368682879668,-1.6665760421082525,Roller Element
1.527,-2.3755,-0.1160906294252649,0.1531137571072698,0.1921454580399836,-0.3335180666144036,10.767342462023082,7.948508883157345,-1.655150677134456,Roller Element
2.2225,-2.1615,-0.1150784950437033,0.1601959383263225,0.197242456415178,-0.0408827693157358,17.271623532890537,11.273110827316618,-1.7139627323072064,Roller Element
3.452,-2.7735000000000003,-0.1144595927535524,0.1640261318998149,0.2000153208191444,0.2160006988559684,33.32879796567137,17.258405846318865,-1.7476498601382071,Roller Element
1.8505,-2.163,-0.1154169881341862,0.1496828181531986,0.1890252616736552,-0.0708227932219505,11.279277829582796,9.765032114381707,-1.637935157737699,Roller Element
1.7970000000000002,-2.0,-0.1145926314761462,0.153283043605821,0.1913843629794842,-0.0613701627718697,10.44981124340297,9.396762824461929,-1.6702014288579723,Roller Element
1.886,-2.2135,-0.1146836027149763,0.1522348047644126,0.1905970053449446,-0.0925148204237886,10.140677624172362,9.89180614224557,-1.661908809677002,Roller Element
1.632,-1.887,-0.1157434445041261,0.1491073811792907,0.1887621379737636,0.0534032898665959,7.489773741356639,8.647773032449294,-1.630816469627134,Roller Element
3.197,-2.2840000000000003,-0.1147419795888471,0.1513950438473157,0.1899692431743936,0.3267500513506276,21.01006771229009,16.816231772724624,-1.6556925055136609,Roller Element
2.141,-2.1145,-0.1144374969480931,0.1556126077742221,0.1931701003661967,0.1233156014437032,11.203053938018218,11.076151313027676,-1.6879682819993058,Roller Element
1.5295,-1.471,-0.1144350798378827,0.1488309089537041,0.1877403327039358,0.117552639953669,5.196497007165572,8.13917411811468,-1.6404900512959468,Roller Element
2.5085,-2.5865,-0.1134533668636163,0.1597664473772257,0.1959505658574222,0.1436856215040384,16.23654867865612,12.79949231477278,-1.7271026881226166,Roller Element
2.798,-3.237,-0.1124990478050686,0.1689950672252605,0.2030168974767851,0.1082379737211706,24.25194110722674,13.771212737010668,-1.8044782971509652,Roller Element
1.758,-2.2925,-0.1138845890912642,0.1582539992760738,0.1949689698185037,-0.0340922522574515,11.740142553707209,9.010201465837891,-1.7120172777190312,Roller Element
2.252,-1.731,-0.1137139264612529,0.1605561863403804,0.1967434081677324,0.2082860649183715,9.293571869812324,11.468604569351722,-1.7301428539424977,Roller Element
1.5005000000000002,-1.522,-0.1139731188046291,0.1517820281243908,0.1898101212471309,0.0941142345668732,5.119588732162275,7.915212370704047,-1.6653256202965356,Roller Element
2.213,-1.6495,-0.1143321939547829,0.1608269541992187,0.1973218997690711,0.2337130984795207,9.358194588742734,11.224985214160432,-1.725857771352271,Roller Element
0.914,-1.394,-0.1146585038331949,0.1485732744520381,0.1876723720295935,0.0002455756796807,3.755437045790981,4.8716810000343065,-1.636783688280209,Roller Element
2.4635,-2.86,-0.1155582303823428,0.1690626778418493,0.2048002848068317,-0.1200616342120654,21.08378839860008,11.984955292363509,-1.772219203074676,Roller Element
1.8385,-2.6405000000000003,-0.1156861907319693,0.1552684225256463,0.1936289032200495,-0.1365379024699422,14.514513945953464,9.48407000885046,-1.673737527354772,Roller Element
1.583,-2.245,-0.1140604033400068,0.1548082009037991,0.1922870037350165,-0.110675843774358,8.236987159655671,8.227194739419762,-1.6858185647629915,Roller Element
1.166,-1.512,-0.114691879486303,0.1485803000553507,0.187697637708619,-0.0906867558853493,4.642304319621571,6.211827373205331,-1.6365394353320188,Roller Element
1.0670000000000002,-1.666,-0.1152860979540016,0.1481724778641752,0.1877370972795151,-0.0742578636349749,5.50585013291959,5.683712936855222,-1.628403537675413,Roller Element
1.986,-2.0605,-0.1141641925875286,0.1510832789432787,0.1893679236760446,-0.0086592204147737,8.780042569575063,10.47997795668216,-1.6587884183675228,Roller Element
1.2365,-1.787,-0.1148750183114409,0.15170342145734,0.1902899668635332,-0.0345511306461562,6.572384159422426,6.492404789746708,-1.6564929629544451,Roller Element
1.0745,-1.5405,-0.1153770936080863,0.1488769417629817,0.1883485095352473,-0.1125261823671736,4.889456163137227,5.704698026211473,-1.6324664623365657,Roller Element
1.339,-1.782,-0.1143468675228282,0.1516478667513077,0.1899269736761667,-0.081390849119156,6.402714395021776,7.049950874095523,-1.661051891139263,Roller Element
1.488,-1.5575,-0.1139103227696664,0.1492320606253246,0.18773570073343,0.1490254577381506,7.528770652728337,7.925249446405298,-1.648103976922464,Roller Element
1.649,-1.466,-0.1148270179207969,0.1458843767968184,0.1856514401453169,0.1412246711496509,6.295844311072346,8.883472777409558,-1.6167915659441103,Roller Element
1.461,-1.6469999999999998,-0.1138518238195224,0.1516654396890402,0.1896448712444776,0.0377861601404623,7.319041753916305,7.684784937452887,-1.6655901138257756,Roller Element
1.6785,-1.7029999999999998,-0.1154471165584257,0.1512304007979974,0.1902598650975609,0.0417875784804179,7.429342865748095,8.819647500171389,-1.6480779141464348,Roller Element
0.979,-1.078,-0.1154316861174862,0.1394891010593536,0.1810547240558102,0.0423443632130597,3.183858665118862,5.4088314388176695,-1.5684972980503789,Roller Element
0.9995,-1.65,-0.1155792519165974,0.145128328573664,0.1855259151627745,-0.2031207587293011,5.455550301185248,5.388622112363493,-1.6051757591889873,Roller Element
1.3855,-2.1045,-0.1145047121441476,0.1540845461024391,0.1919693791321363,-0.2100956639649019,9.434525214251051,7.217597585682396,-1.676523207071263,Roller Element
1.6745,-1.687,-0.1146280335953904,0.1486164318210852,0.187688862612139,0.0375218967979454,7.336969613431232,8.924778075155213,-1.637414836232676,Roller Element
1.0935,-1.349,-0.1140545192636359,0.1418077788601556,0.1819850426090485,-0.0346982775450924,4.545759389117407,6.018657750945546,-1.5955377534447543,Roller Element
1.2515,-1.536,-0.1150242931783778,0.1414146512245266,0.1823020432777402,-0.0997669007307341,5.428896539403621,6.868943422967537,-1.5849872920808192,Roller Element
1.178,-1.2855,-0.114796425606719,0.1448695190598982,0.1848464180858686,0.09617341778112,4.229283996939683,6.369961191420266,-1.610345539383527,Roller Element
2.3305,-2.274,-0.1139999511694906,0.1566520122705443,0.1937421791605403,0.0853509759175327,15.312907846947184,12.021140128138336,-1.6994769688157243,Roller Element
2.0265,-1.9335,-0.1136485668245519,0.1556427954301001,0.1927170884791725,0.214141910792434,11.998797341952038,10.51638555490305,-1.695751976019768,Roller Element
1.865,-1.7005,-0.1150828165437765,0.1525346849479599,0.1910788699607218,0.0655462050581347,9.030304750184104,9.78863166379162,-1.660303245776384,Roller Element
1.511,-1.882,-0.1132020118169832,0.1468010790931129,0.1853790985142619,0.0394474305416644,8.236228676219623,8.149997557719214,-1.6376755331022492,Roller Element
1.35,-1.499,-0.1133656184384003,0.1455542549355271,0.1844961867495826,0.0897913314190094,5.422999458798559,7.3152277363309,-1.6275562996787232,Roller Element
2.0445,-2.0455,-0.1156392157820206,0.1507614021070268,0.1900012489166243,0.226589828158488,10.13337618242759,10.761888696193992,-1.6430468796339643,Roller Element
1.6505,-2.0765,-0.114625396747888,0.150109426588706,0.1888685885877699,0.0094945234912332,8.385265138837314,8.743525034720218,-1.6477267907249895,Roller Element
1.514,-1.6285,-0.1140674349333463,0.1514732684637117,0.1896192898317245,0.002202046443621,5.6027472146340696,7.982574559791114,-1.662356378177329,Roller Element
1.2654999999999998,-2.135,-0.1129209678206943,0.1472153483842905,0.1855410079487429,-0.0732119963134168,5.849531771995739,6.823960681128166,-1.6435571917542944,Roller Element
1.366,-1.4535,-0.1146551345280531,0.1488432425900521,0.1878827744753092,-0.0237798413971813,4.487461116476069,7.274555351695569,-1.6386738082794374,Roller Element
1.0825,-1.63,-0.1145726109673323,0.1515125032254061,0.1899523979925608,0.004821393071967,3.4709993326645154,5.7026648855119735,-1.6579196511793326,Roller Element
1.4235,-1.87,-0.1157188583426925,0.1551715619771145,0.1935678591895235,-0.0187488520488757,6.507583468098821,7.351705140249161,-1.672762808621484,Roller Element
1.035,-1.5015,-0.1126444894770252,0.1506953998111594,0.1881418830210254,0.0840813091870566,3.607449953488017,5.504035650751504,-1.6701702000037566,Roller Element
1.616,-1.825,-0.1138146149714341,0.1534918302224555,0.1910887290461071,-0.0178618167220275,5.507433588990446,8.455221887738311,-1.6790334716584725,Roller Element
0.9045,-1.195,-0.115142682748181,0.1519695731642417,0.1906836353048773,0.0409834575430388,2.528357136218536,4.759799760258481,-1.6559201806599455,Roller Element
0.8775,-1.3075,-0.1146549392060159,0.1461223221544353,0.1857341980315776,-0.0554458039295706,3.011493510610016,4.724217695711502,-1.6199323711863745,Roller Element
1.2014999999999998,-1.2000000000000002,-0.1129140094731188,0.1462723793256282,0.1847818438292702,0.1091177149888964,3.63736952977734,6.513140112112907,-1.6365506980439963,Roller Element
0.9655,-1.1205,-0.1152564578348552,0.1479911733517897,0.1875787406421916,0.0416039430528706,2.673245418008501,5.158824238872468,-1.62744054063474,Roller Element
1.481,-1.9815,-0.114463328287514,0.152821094116527,0.1909347200364729,-0.0147413611074515,5.237135963812571,7.736996561676596,-1.668012084472361,Roller Element
0.885,-1.3135,-0.1141381170955613,0.1481889238394409,0.1870589371710642,-0.0240652062347062,2.723086253229368,4.731333988403026,-1.638874957302754,Roller Element
1.0085,-1.106,-0.1146601396552566,0.1506411653321942,0.1893165186802421,0.0400193519444045,2.237264688598496,5.321434263359956,-1.6510470461856797,Roller Element
1.0105,-0.886,-0.1142912007422237,0.1490905579697084,0.1878604019801128,0.0800929894248257,2.608458003828296,5.381909081422882,-1.643654253442744,Roller Element
0.813,-1.222,-0.1145312515259534,0.1417603450042185,0.1822439661212457,0.0358629257056731,2.31199500062034,4.462318376198118,-1.5911694227719957,Roller Element
0.8255,-1.173,-0.1191315249768055,0.1462765671855763,0.1886835436604072,0.0206986398140341,2.314823318500661,4.373361053177256,-1.584927066203511,Roller Element
0.728,-1.372,-0.1137746227843156,0.1438638469344823,0.1834144430230293,-0.0258493842719174,2.243361071542975,3.9758233624772528,-1.6120402359507686,Roller Element
0.7250000000000001,-1.2585000000000002,-0.11369979002881,0.1445716520264821,0.1839247633682101,0.0038434479228209,2.584381017116137,3.9419216475936727,-1.6176938920343762,Roller Element
0.8045,-1.0105,-0.1145802773572928,0.1440187636570325,0.1840391766684417,0.0393125005162476,2.098018485407616,4.378761311558623,-1.6061702863531062,Roller Element
0.8215,-1.08,-0.1141671468333414,0.141959334229857,0.1821693332561064,-0.0106995208579041,2.1191303890605484,4.512801138446127,-1.5956527928394877,Roller Element
1.129,-1.333,-0.1145737584843009,0.1471816108937649,0.1865223714800253,-0.009844532853583,2.9122846061542664,6.043118485824396,-1.6279920789169933,Roller Element
0.8815,-0.986,-0.1149089066848967,0.1433208128890681,0.1836955557968519,0.0513005506783949,2.1617172567754825,4.798691968115779,-1.598625718936554,Roller Element
0.9045,-1.0195,-0.1146571609941891,0.1434953037098741,0.183674639153889,0.0646701730994244,2.1150061838656318,4.92834543479869,-1.601981806940042,Roller Element
0.7775000000000001,-1.2015,-0.1182229112749645,0.1449915841500005,0.1871109258974606,-0.0159806703511461,2.2732581132638714,4.146856025970522,-1.5841018260460549,Roller Element
1.0365,-1.2685,-0.1169726304995361,0.1425089526888511,0.1843878521844356,0.0598082349315861,2.7979110465039696,5.621022110618197,-1.5769011951954504,Roller Element
0.7675000000000001,-0.999,-0.1141079398408125,0.14098421603449,0.1813731402737364,0.0215463305365914,1.986356211256019,4.231586760704975,-1.589488997265044,Roller Element
1.0815,-1.079,-0.1131238097563357,0.145478965024351,0.1842837609500968,0.0788508798756111,2.431139483611484,5.87094698360692,-1.629105074930473,Roller Element
0.736,-0.961,-0.1154134235070071,0.1393120856749254,0.1809072715693592,0.0494491618719366,1.7918404235796763,4.069820377971816,-1.567500439894087,Roller Element
0.847,-1.189,-0.1138933785829386,0.1403624764922218,0.1807550157826963,0.0183320668565971,2.423530960284287,4.6862687957157645,-1.58705687011136,Roller Element
0.9335,-1.0295,-0.1142182723765808,0.1354947977818413,0.177211441955764,0.0106560915740035,2.0484001061605355,5.267237713165869,-1.551521079482471,Roller Element
0.6845,-1.04,-0.1154943844914302,0.1392306108401869,0.1808976522020365,0.0537263706769854,1.8376279488905356,3.785791686480133,-1.566293011687397,Roller Element
0.8280000000000001,-1.0535,-0.1144928463303872,0.1411960128577625,0.1817814133455301,0.04724544636934,2.2279600738094048,4.555284654160492,-1.5877222986148118,Roller Element
0.77,-1.0655,-0.114776551589433,0.1387151613548926,0.1800411269923824,-0.0083138400770168,1.9076467197566596,4.2752027722180985,-1.5685933037214936,Roller Element
0.7265,-1.3145,-0.1152909565896772,0.1366203169233861,0.1787725463685386,-0.0451015271923898,2.360734607256776,4.060450339046481,-1.550643230129531,Roller Element
0.7045,-1.144,-0.1144908931100151,0.1370002842041671,0.1785401959271226,-0.0241239400953921,2.135387019443883,3.945049157267448,-1.5593991012750406,Roller Element
0.6885,-1.1055,-0.1144313931344304,0.1323359135190477,0.1749471639330453,-0.0405699251479185,2.1791560968826884,3.934719848622065,-1.5288375312450972,Roller Element
0.7004999999999999,-1.013,-0.1153743102690561,0.1346797325052001,0.1773390825322124,0.0086365098274086,1.9089043618747903,3.9488833538469295,-1.5370798067449758,Roller Element
0.7055,-0.9875,-0.114745690707554,0.1348174219212107,0.1770362867467382,-0.0070621782534012,1.8543335633611768,3.985087734448383,-1.5428868527638917,Roller Element
0.8300000000000001,-0.9375,-0.1137741588944772,0.1361734039920068,0.1774466248419184,0.0612319687965996,1.9386797262178035,4.675344749936873,-1.5596616608706193,Roller Element
0.5825,-0.935,-0.1152888568777772,0.1358503166837768,0.1781742921858361,0.020007729511611,1.7780229841421686,3.267547680428378,-1.5454450356446867,Roller Element
0.7875000000000001,-0.9525,-0.1142983299965818,0.1361176572872019,0.1777461485258304,0.0236679368047466,2.1923300752728587,4.430349300464245,-1.555178791205419,Roller Element
0.6445,-0.9695,-0.1139084427950583,0.1359204638960642,0.1773396669415965,-0.0146228253704099,1.8008921210887603,3.6327565913823454,-1.5568775858747956,Roller Element
0.5820000000000001,-0.8945000000000001,-0.1148853215489037,0.1387906776395899,0.1801685571585909,-0.0259881610275636,1.9735101291767616,3.2305080664556534,-1.56826277476975,Roller Element
0.642,-0.9095,-0.1138071927340202,0.136905956228614,0.1780363760208927,-0.0284770339938836,1.8595015663319705,3.60179647386302,-1.5644142013102909,Roller Element
0.6125,-0.9655,-0.1139070267102885,0.138120881883292,0.1790298426888907,-0.0348757387575903,1.9861608439785283,3.4210632636565905,-1.5717456935548055,Roller Element
0.6020000000000001,-0.9705,-0.1155111089408662,0.137149433193002,0.1793117415385774,-0.0122232511633562,2.02046782977031,3.3560044705100287,-1.552355928642265,Roller Element
0.6285000000000001,-0.917,-0.1149207480834025,0.1359669922352493,0.1780271205579487,-0.0227364099094002,1.7644640523281283,3.528828905696681,-1.549116978084034,Roller Element
0.642,-1.0145,-0.1146350407734752,0.1379491697493967,0.1793631578134344,-0.0438869264347529,2.17157810439254,3.5787082694375663,-1.5646712187823515,Roller Element
0.676,-0.9485,-0.1157712290639191,0.1386890267180541,0.1806571800503646,0.0300991190053497,1.9263066555440056,3.741889476149081,-1.5604466352425472,Roller Element
0.7375,-0.9155,-0.1145828165437765,0.136936382069411,0.1785494850007014,0.024039269140105,1.91979747164022,4.129819748689217,-1.5582569970313798,Roller Element
0.5675,-0.8435,-0.1147254748767029,0.1325596042156914,0.1753093212581905,0.0191836780083778,1.7491664566006002,3.236875736222446,-1.5280878735087786,Roller Element
0.9375,-1.2805,-0.1154129352019141,0.1379418505625817,0.1798541033520744,-0.0476552971367461,2.5252647235734824,5.216285167719869,-1.5583590248755137,Roller Element
0.9775,-1.222,-0.1146314273157869,0.139128191235139,0.1802666717598297,-0.0115964496744031,2.2318340879622736,5.422421509803125,-1.5725755713430898,Roller Element
0.6020000000000001,-0.984,-0.1138261878021387,0.1336218360467284,0.1755306812086158,-0.0152029518767056,1.4543012155121091,3.428514923451844,-1.5421168784185044,Roller Element
0.7010000000000001,-0.852,-0.1035272474241906,0.137269485691817,0.1720873339649682,0.000740491475521,1.6678959604364905,4.078468955765595,-1.6699938869011022,Roller Element
0.6125,-0.9605,-0.1184426973973338,0.1394719267508786,0.1829909313629166,0.0027200668273933,1.5388725267288144,3.3578291360062886,-1.5457336007382383,Roller Element
0.6639999999999999,-0.8985000000000001,-0.1063171297426632,0.1405281841496226,0.1763841037408418,-0.012173470212193,1.7798699656553487,3.7699686910404617,-1.6669113634568742,Roller Element
0.754,-0.929,-0.1146074515357195,0.1403057841568905,0.1811669877138474,-0.0315829456868421,1.60943862102335,4.165635604506162,-1.5808012579727295,Roller Element
0.7994999999999999,-0.9595,-0.1155309585428976,0.1381749480624255,0.1801080904621657,-0.0077096457941441,1.9251344473801877,4.439470404452077,-1.5589704743575408,Roller Element
0.6545000000000001,-0.841,-0.1062101909272913,0.1396298018832161,0.1755452533722278,-0.0077273266441563,1.418217631084619,3.714324298180913,-1.658577607071238,Roller Element
0.7284999999999999,-0.9645,-0.1160022462034278,0.1448368222928996,0.185562223352543,-0.0077311134320436,1.6582511325818556,3.935562516482776,-1.59958754908384,Roller Element
0.8155,-0.857,-0.1136701499096635,0.1379772919257021,0.1787689032690168,0.0493522146686345,1.7725233811271606,4.561601656400029,-1.5726986186008594,Roller Element
0.7375,-0.8885,-0.1144363250158699,0.144339664097821,0.1842113715773067,-0.0282750774595659,1.82892714873544,4.0053586373072285,-1.609862181427081,Roller Element
0.7090000000000001,-0.914,-0.1144132526002246,0.1417269654180586,0.1821426690375338,-0.0040275880584056,1.6722309693982529,3.891714698946032,-1.5919674130606034,Roller Element
0.6995,-0.968,-0.1133711607012061,0.1416056527550654,0.1813996512769199,-0.006162266163884,1.6586017089459977,3.856043501908094,-1.600034149531727,Roller Element
0.6125,-0.928,-0.1142831437081888,0.1432099398342501,0.1832212250615835,-0.0207072416965765,1.756779005329793,3.3437745590045416,-1.6032608505830268,Roller Element
0.748,-1.035,-0.1144378387616582,0.1435265812404356,0.1835643042800161,0.0059596768130599,1.767773094534792,4.077692103225937,-1.6040757771222265,Roller Element
0.6479999999999999,-0.9205,-0.1154189413545583,0.1431457950031207,0.1838878632550851,-0.0343431675143128,1.7463233708199626,3.5187826201374817,-1.593226084495479,Roller Element
0.602,-0.8594999999999999,-0.1143126129205527,0.1418383144432387,0.1821700810585227,0.0144759669440444,1.5454284431711098,3.30575089328332,-1.5936343839350793,Roller Element
0.742,-0.925,-0.1147450803261878,0.1419688918657576,0.1825399778185104,-0.052005887343662,1.948095727621836,4.064652325773132,-1.590850469218272,Roller Element
0.635,-0.923,-0.1145301772547487,0.140023860165198,0.1808966410397109,0.0333063553116053,1.5664344991585597,3.5133878887053878,-1.5794273680982804,Roller Element
0.64,-1.0085,-0.1128595634552468,0.1412731753507498,0.1808240128373851,0.0097659760519081,1.8387807105066392,3.539750198658192,-1.6022872506966572,Roller Element
0.7455,-0.9525,-0.1138302895649201,0.1433335762225391,0.1830346675733369,0.034292713774177,1.7679504334924272,4.079077773860807,-1.6079119614483366,Roller Element
0.8234999999999999,-0.979,-0.1146482005957322,0.1446933620598223,0.1846077124454146,0.0040847957854967,1.75286206959057,4.467419419652369,-1.6101832642078917,Roller Element
0.6675,-0.9925,-0.1165415791786708,0.1398012430196799,0.1820038470630913,0.0273103572702113,1.6291150543564297,3.6693183909725686,-1.5616806672702643,Roller Element
0.869,-1.2815,-0.1146137750866741,0.1453551204570005,0.1851231395448116,0.0014031594257273,1.831995532106573,4.69694345488181,-1.6151910955969913,Roller Element
0.7765,-0.9365,-0.1159223839054641,0.1438378073849578,0.1847435678955915,-0.0049979816186669,1.7495643487648005,4.209163994851577,-1.5936875107367163,Roller Element
0.7224999999999999,-0.8815,-0.1141817227403681,0.1425868943956212,0.1826729471347498,0.0356615582069417,1.6232356454324717,3.949535428730624,-1.5998709840872425,Roller Element
0.825,-0.9305,-0.1128138092680306,0.1420281697348454,0.1813796508533164,0.0244929033377556,1.9874137841085184,4.554801980102051,-1.6077412205485484,Roller Element
0.6285000000000001,-0.8995,-0.1155708286537428,0.1399916193944676,0.1815384862938252,-0.0347264271056629,1.478235437541526,3.463347720471762,-1.5708011756423172,Roller Element
0.6140000000000001,-0.9775,-0.1140384051955661,0.142115362425707,0.182217205300252,-0.0109804524449853,1.6066326213474786,3.375097373050836,-1.5978168607408438,Roller Element
0.7815,-1.0095,-0.1140933639337858,0.1423939602871151,0.1824675812586368,0.0023955326409304,1.7066400424447168,4.288078833129614,-1.5992721097579623,Roller Element
0.7755,-0.9755,-0.1158321207090189,0.146167287091126,0.1865132638962368,0.0105877315820798,1.6447428247309237,4.167500910695201,-1.6101219240051057,Roller Element
0.72,-0.952,-0.1147186630206553,0.1449296543510506,0.1848370157211308,0.05373301846491,1.8409603667106995,3.8979034601084366,-1.6112171210716426,Roller Element
0.774,-0.9815,-0.1142667854875726,0.1448355106520316,0.1844847705810907,-0.0106879091157668,1.7484930431171977,4.1932786277579925,-1.6144760845136576,Roller Element
0.759,-0.9085,-0.1142716197079935,0.1419005516637877,0.1821966313371656,0.0407424576668642,1.935517064076996,4.1604739555366645,-1.5943602342336478,Roller Element
0.709,-0.879,-0.1149505591093315,0.1400228033415012,0.181171306718762,0.0073403984928632,1.599603921704401,3.92407343938588,-1.5760535298792977,Roller Element
0.6495,-1.025,-0.1143409590312027,0.1406083164042893,0.1812417618747791,-0.0233223487115797,1.4719791378781215,3.587233545867224,-1.5850701851116598,Roller Element
0.6165,-0.907,-0.1157480101567459,0.1434939743738141,0.1843720342927503,0.0068847582433428,1.700936712153272,3.346376071160112,-1.5929182740066388,Roller Element
0.6495,-0.9325,-0.1140101323306802,0.1396230671460788,0.1802558964570076,-0.0452838181221468,1.724547398322902,3.6021261566752933,-1.5810185631067406,Roller Element
0.7495,-0.9045,-0.1143923531422432,0.141320337673063,0.1818197673839197,-0.0077371571768125,1.809640264996036,4.127651854361515,-1.5893845350754712,Roller Element
1.016,-1.084,-0.115730089359832,0.1460259111205527,0.1863325574233603,0.0338838275995933,2.091747582716136,5.435585457178734,-1.6100328626749307,Roller Element
0.7344999999999999,-0.941,-0.1145695102299917,0.1433545949251446,0.1835162372859561,0.0177250576813976,1.633435253500534,4.001369668234175,-1.6017791643177524,Roller Element
0.675,-0.9375,-0.113824771717369,0.1441414251379771,0.1836845212683593,-0.0246031730943906,1.6653503736701722,3.678718890189378,-1.613743530804352,Roller Element
0.692,-1.1035,-0.1154746325504175,0.1439783533014198,0.1845718396821116,-0.0019280666098858,1.8660707165307664,3.751939194105984,-1.5983631075035372,Roller Element
0.757,-1.0055,-0.1144273890326676,0.1435715082959346,0.1835938883579121,-2.626101752429763e-05,1.773519864548332,4.124202435691808,-1.604438594205415,Roller Element
0.702,-1.0705,-0.114000488305093,0.1464003146294351,0.1855631839340212,0.0417685941067305,1.839099090582403,3.788586597311856,-1.6276661675273216,Roller Element
0.8494999999999999,-0.99,-0.1159713364910395,0.1428452323937786,0.1839938866908986,0.0311054645763644,1.927460660825,4.62704860434876,-1.5864816062052831,Roller Element
0.718,-0.912,-0.1143561697348503,0.1455883744485369,0.18513845534373,0.0178934346109,1.8508630618394477,3.883890389603703,-1.6189399095502364,Roller Element
0.6605,-1.012,-0.1137961570389179,0.1419276278841172,0.1819200405569628,0.0390807285991643,1.8722316450109275,3.627862243923088,-1.5986739573415352,Roller Element
0.663,-1.0645,-0.1153805849895014,0.1440345042950102,0.1845633464723745,0.0057456168324439,1.7257344596232875,3.591189775532003,-1.5996252701367777,Roller Element
1.0365,-0.996,-0.1141756677572147,0.1437572148792342,0.1836026154931596,0.0493667304545205,2.0012587899519083,5.636312196369367,-1.608263199260465,Roller Element
0.853,-0.9305,-0.1133597343620293,0.1413034531142813,0.1811587257308269,0.0360125054520325,1.9733478330662024,4.7084497424402585,-1.5979756035313235,Roller Element
0.6715,-0.963,-0.1147165633087553,0.1373264837436337,0.1789380489033348,0.0121909109798969,1.7185634021374216,3.755556429164921,-1.5597927125619102,Roller Element
0.6835,-0.996,-0.1140905317642463,0.1369149153767033,0.1782189503808996,-0.0333031418762034,1.755971481817586,3.8369623112565776,-1.5620796053527746,Roller Element
0.663,-1.007,-0.1142020850627472,0.1381445584878817,0.1792349406138802,-0.0065509655264339,1.9790058655132148,3.699562230333248,-1.569470878145597,Roller Element
0.72,-0.9875,-0.1155015625762976,0.1407883038138914,0.1821037210720188,0.0171826620961197,1.9712431900306944,3.956072911749789,-1.5766256410880075,Roller Element
1.079,-1.056,-0.1140872112896137,0.1421221198473175,0.1822463374166,0.0562999697590468,2.2022630097092724,5.917246118959973,-1.597407966906649,Roller Element
0.886,-0.991,-0.109287050148933,0.1402990081166999,0.1778671078585223,0.0335521193581924,1.990635531694779,5.0114129219436645,-1.6290899510305277,Roller Element
0.9355,-1.0045,-0.1150780067386103,0.1427540142664434,0.1833600164421108,0.0329256025539882,1.967530956526801,5.0963013597998,-1.5933243747883004,Roller Element
1.066,-1.0154999999999998,-0.1141574051467356,0.1416549381905119,0.1819274985048312,0.0552140670669046,2.374726641553643,5.852285161563595,-1.593612554028943,Roller Element
0.911,-0.979,-0.114373406904634,0.1436800955668491,0.1836560148143215,0.0582242775301561,1.7920850639987125,4.963001306123546,-1.605762512932249,Roller Element
0.8265,-0.919,-0.1161232237902241,0.1409284131782321,0.1826059572102178,0.0057014429789761,1.8461536605429492,4.527219673212848,-1.57253625652493,Roller Element
0.646,-0.873,-0.1140682162214952,0.1346977919628927,0.1765054509157416,0.0232616574337922,1.6071744243029018,3.6600900575603794,-1.5473689387009582,Roller Element
0.868,-0.9275,-0.1141658772400996,0.1368613418955312,0.1782256337822195,0.0252815289094942,1.7577704866798571,4.871671167028863,-1.5610957692617584,Roller Element
0.7725,-1.2195,-0.1160175301528395,0.1386086606438846,0.1807536136680392,-0.0389838551765347,2.1815516575511,4.273751555941484,-1.5580258401130005,Roller Element
0.786,-1.139,-0.1140293471360906,0.1407865563901547,0.1811705333904179,0.0140846993657864,2.046807788739225,4.338987817186707,-1.5888135134040695,Roller Element
0.8155,-0.931,-0.1136994970457541,0.1413257414833931,0.1813836229064698,0.036241216306135,1.8892233268084249,4.501874913748852,-1.5952590211585236,Roller Element
0.775,-0.88,-0.1158105376239074,0.1434282159687906,0.1843588301506608,0.0555435004713201,1.823245772977618,4.21768994758579,-1.5919181207399862,Roller Element
0.7105,-0.9915,-0.1144854973387372,0.1445886011202759,0.1844348970283254,0.0252725084339857,1.695626158958336,3.858610516669769,-1.610940615527385,Roller Element
0.658,-1.0815,-0.1134792958640558,0.1406867589395835,0.1807593411950162,0.0020872842783873,1.7851370822628874,3.6424596335125914,-1.5928634322973243,Roller Element
0.8234999999999999,-0.918,-0.1160986376287904,0.1426905239229174,0.1839720567437644,0.0492944823755556,1.78674247427897,4.49073046792275,-1.5846239774602386,Roller Element
0.8935,-0.8925000000000001,-0.1144749255334733,0.1417985154892483,0.1822423905694128,0.0410254050887284,1.8578719452688048,4.914223385119332,-1.5919657040624036,Roller Element
0.8705,-0.874,-0.1138352458616143,0.1421364511415886,0.1821079869422273,0.0025931919261592,1.815834949939899,4.775847207994072,-1.5996723301303517,Roller Element
0.895,-1.163,-0.1090870159675765,0.1419606046703528,0.1790594514563275,-0.0262749184098752,2.005133302604677,5.050074052093077,-1.6437052145918218,Roller Element
0.7165,-0.886,-0.1142779676742028,0.1408873492603493,0.181411643657014,-0.0004544761483932,1.6727754678488238,3.9560989197732175,-1.587414948916853,Roller Element
0.7155,-1.2574999999999998,-0.1359988280677767,0.1403853558099443,0.1961632567092542,0.0249204261960087,2.196557257194818,3.686955064717592,-1.4635703811627327,Roller Element
0.736,-1.2355,-0.1148982372186142,0.138716862045656,0.1801241919375631,-0.0308230291520574,2.212632324441063,4.08382823092651,-1.567675687974163,Roller Element
0.98,-1.0215,-0.1141506665364519,0.1438889524796273,0.1836730250622184,0.0694522052575224,2.236296037492672,5.344692608976036,-1.6090796991796177,Roller Element
0.7825,-0.8925000000000001,-0.1144656233214512,0.1402967534383709,0.1810775479792687,0.034870225693023,1.9471424552838417,4.322709908860647,-1.5820604598049912,Roller Element
0.8240000000000001,-0.8885000000000001,-0.1155121832120709,0.1383613426321807,0.180244451255456,0.0081079962274757,1.848890647161194,4.575870816802929,-1.5604186720276698,Roller Element
0.6970000000000001,-1.2255,-0.1144960691440011,0.1422206142306077,0.1825898525597992,0.0400432373849187,2.1958552759335688,3.824565871371926,-1.5947576502236118,Roller Element
0.6535,-0.968,-0.1146323550954636,0.1398155737716679,0.1808018690347469,-0.0230181973334574,1.947334111428332,3.6132931054197934,-1.5772239581020822,Roller Element
0.6895,-0.9755,-0.1143800722691537,0.1431988347334117,0.1832826937463229,0.0219982169730732,1.9548835928624309,3.772608252666149,-1.602347519084801,Roller Element
0.6285000000000001,-0.884,-0.1145934127642951,0.1379077077749349,0.1793204119326288,-0.0297759691477008,1.5625291834923338,3.503967779544859,-1.5648769705722678,Roller Element
0.935,-0.9445,-0.115073758484301,0.1425297452954129,0.1832075368667515,0.0477714251205707,1.9647600063700523,5.11783325337899,-1.592191079143363,Roller Element
0.9765,-0.972,-0.1153362957175643,0.1428010964907854,0.1835795863687849,0.0272478126293685,2.0320451260637657,5.295081092841827,-1.5917158518737748,Roller Element
0.7815000000000001,-1.0585,-0.114300625030519,0.139672022578009,0.1804897478398173,0.005534627577386,1.7780842847006793,4.328823043420374,-1.5790396366780648,Roller Element
0.7250000000000001,-0.978,-0.1157082132916646,0.1427653311426592,0.1837778902642574,0.0035446270301218,1.8875548669001645,3.950219856411573,-1.5883775958771222,Roller Element
0.7384999999999999,-1.14,-0.1150087162459104,0.1431240103313912,0.1836127979846929,0.0071604529314158,2.063560685375175,4.026867718942579,-1.5964660682092484,Roller Element
0.757,-0.8045,-0.1142270618682552,0.1397827957692479,0.1805188483086621,0.048106214050469,1.5203122246030485,4.1973037999861,-1.5803581808795726,Roller Element
0.735,-1.017,-0.1143646662434689,0.1410048304321273,0.1815684871218516,0.0384927259275985,1.607919695788692,4.047877064505789,-1.5877485998114276,Roller Element
0.6955,-0.9525,-0.1152814590556179,0.1422856730901801,0.1831418062416002,0.040667773692203,1.5109912041226965,3.7888764687088266,-1.5886134992878782,Roller Element
0.6875,-1.155,-0.1139122759900385,0.1391840524605012,0.1798568082340756,0.0243252671561547,1.9168901028220984,3.820789748624205,-1.5788898919807417,Roller Element
0.8394999999999999,-1.027,-0.1143855901167049,0.1394505722351903,0.1803702361421577,0.0264947587327051,1.852002280594946,4.666677998644676,-1.5768442223263497,Roller Element
0.752,-1.003,-0.1148132721324283,0.1429666660205115,0.1833715772474804,0.0398211812759015,1.8421755042021184,4.106499259370016,-1.5971731916775198,Roller Element
0.7255,-0.886,-0.1146312319937497,0.1399484206111671,0.1809088732635077,0.0249985796333666,1.8185652506674572,4.015882488916708,-1.578190896667748,Roller Element
0.774,-1.085,-0.1143481615313247,0.1445473564549177,0.1843267466484845,0.0276234472273557,1.862278893728249,4.20444749334713,-1.6120411146084683,Roller Element
0.736,-0.9435,-0.1156452951804287,0.140221662039367,0.181759651072231,-0.0099486883108978,1.8224164330566044,4.052921889788809,-1.5716922650518217,Roller Element
0.6435,-0.858,-0.1147977684457248,0.1365739324128251,0.1784192986478604,0.0169714181962614,1.668820447294329,3.604644441493672,-1.5543699316739938,Roller Element
0.6885,-1.1485,-0.1149770984911372,0.1434860173251178,0.1838810727797965,0.0157325181857699,1.808463708535664,3.746800065681221,-1.5993313016139168,Roller Element
0.714,-0.9655,-0.1153891303286293,0.1397517609682988,0.1812325821037955,0.0727835088304615,1.6665173363655073,3.9449494046764535,-1.570556168213595,Roller Element
0.702,-0.8260000000000001,-0.1142156599443332,0.1383377635423961,0.1793923736000758,0.053180026130148,1.644233610290251,3.913984184125757,-1.5706419847027897,Roller Element
0.8265,-0.9915,-0.1147472288685971,0.1408757656466696,0.1816959574681525,0.0019243683107838,1.7451301989278551,4.552166808852057,-1.583464190421524,Roller Element
0.6665,-0.947,-0.1149954831778895,0.1406402122141085,0.1816744428499422,0.0137926872173024,1.6917843059973432,3.671384535293696,-1.5798362193780653,Roller Element
0.6445,-0.828,-0.1142400751989843,0.1384485445364808,0.1795026759775727,0.0627646281450869,1.5361354523260742,3.5869990196549155,-1.5713009322424287,Roller Element
0.728,-0.9445,-0.1132632941061575,0.137306778722901,0.1779939014987906,0.0077099714326443,1.6032203378751002,4.089159879168969,-1.5714601082655597,Roller Element
0.657,-0.9315,-0.1156036671712485,0.1399580295298003,0.1815286821211585,0.0108871727583615,1.602627843359072,3.6199227179248714,-1.5702595631461036,Roller Element
0.808,-0.989,-0.1143288002343864,0.135260356179548,0.1771040960016527,0.0191175188016912,1.7842878823114718,4.558031903410449,-1.549069818835021,Roller Element
0.8445,-0.994,-0.1138621026417305,0.1381300089716677,0.1790124340449472,0.0009509651086492,1.6568485985073744,4.717228331391243,-1.5721626046710773,Roller Element
0.632,-0.79,-0.1157180038087797,0.1345285519679871,0.1774493372484409,0.0063158377940584,1.3712491595174447,3.561325069363888,-1.533484050431588,Roller Element
0.62,-0.873,-0.1144919673812197,0.1360791582983712,0.1778393846043701,0.0303794979960613,1.7948330525875251,3.4860041184220094,-1.5533280351673755,Roller Element
0.6639999999999999,-0.979,-0.11426451486889,0.1347849960290902,0.1767024114223484,-0.0120828681716785,1.6910125422197653,3.758929064949168,-1.5464589036686256,Roller Element
0.698,-0.9605,-0.1156835782997216,0.1394449599354182,0.1811880853383478,0.0035137122513607,1.4959582517949093,3.8504900865275538,-1.566183330775159,Roller Element
0.6945,-0.8205,-0.1144324185751257,0.1367125239475749,0.1782814284342326,0.0347058826730083,1.6622724620094127,3.896409004481346,-1.5579607985101973,Roller Element
0.6445000000000001,-0.8105,-0.1147999169881341,0.1368682416288622,0.1786510460190519,0.0190280483922495,1.5102132039280756,3.6089765827322937,-1.556233058436907,Roller Element
0.642,-0.9415,-0.113441916109185,0.133331914901191,0.1750607444159787,0.0142192014743434,1.549820820585976,3.666941298952304,-1.5431840792612848,Roller Element
0.603,-1.007,-0.1141576981297914,0.1332952449058543,0.175496456104473,-0.0249227186650152,1.5161555391704735,3.435626918492712,-1.5372830726340427,Roller Element
0.601,-0.7875000000000001,-0.1163303139801748,0.1320424050197992,0.1759839311363727,0.0096663274442894,1.2767135435874253,3.4131633452034844,-1.513074145333965,Roller Element
0.6155,-0.9035,-0.1142369988768982,0.1338663282429703,0.1759827908481936,0.0167146022978706,1.511596758108268,3.4965234535049934,-1.5405215780571622,Roller Element
0.6725,-0.8765000000000001,-0.11389328092192,0.1336129028480093,0.1755690015973811,0.004432733293635,1.4172449382456738,3.829182981247888,-1.5415674871129816,Roller Element
0.6845,-0.857,-0.1141151179256799,0.1342327400332198,0.1761819351849464,0.0141178689962729,1.4823524198850286,3.8831156136235543,-1.5438737214309324,Roller Element
0.5785,-0.763,-0.1137238390546413,0.1320953508269333,0.1743027287444807,0.0160533058832504,1.208563032805654,3.3186603455472063,-1.5326844147612562,Roller Element
0.5825,-0.951,-0.1187474486058889,0.1339845904585501,0.1790628106394139,-0.0100530137766345,1.6842684652634716,3.253692680160121,-1.508989769447572,Roller Element
0.6655,-0.769,-0.1141767908589286,0.1339300911458594,0.1759935386019773,0.0786127294751564,1.3802069121385965,3.7814809990845295,-1.541450178817778,Roller Element
0.6114999999999999,-0.9325,-0.1139091752526978,0.1314969909020955,0.1739746766658567,0.004561579422301,1.5305749371091757,3.515438441686506,-1.5273365780456345,Roller Element
0.6625,-1.0765,-0.1136804775623809,0.1306224788338886,0.1731634090793531,-0.0405571596462547,1.520650931142761,3.823650460546113,-1.523251569570247,Roller Element
0.6114999999999999,-0.9045,-0.1140099125933883,0.1320461510728085,0.1744546649610947,0.0160495969468765,1.685194340806555,3.506376493287924,-1.5301318034221831,Roller Element
0.7365,-0.7615000000000001,-0.1158630792519165,0.1310647209538157,0.1749552214827719,0.0510333688943997,1.3691654831894176,4.204882432496435,-1.5103887749312452,Roller Element
0.742,-0.978,-0.1010853313150056,0.1339947017459236,0.1680357253220155,-0.0076076357389949,1.5443785963733117,4.381621724246218,-1.674553926877127,Roller Element
0.535,-0.869,-0.1131131402900532,0.1296329222561489,0.172046342455661,-0.0109504278924553,1.4708093768807982,3.108664862258004,-1.5209889366921243,Roller Element
0.6445000000000001,-0.8089999999999999,-0.1139908442795058,0.128491606036865,0.1717785588652554,0.0557875562442873,1.415124490030372,3.744829678149922,-1.5070106939592876,Roller Element
0.599,-0.8105,-0.1144536354314175,0.1284330029192376,0.172042568222239,-0.0039045246477879,1.3646745248596135,3.4778713973462354,-1.5032558767109503,Roller Element
0.607,-0.902,-0.1146784022657356,0.1314132261792001,0.1744150961274052,-0.0069491460085397,1.4712941763243172,3.480104611260299,-1.5209592219037602,Roller Element
0.631,-0.8195,-0.1151080863323404,0.1307703945338216,0.1742189540286747,-0.0338102519362191,1.2611662474247742,3.619369680649192,-1.5135466570281348,Roller Element
0.647,-0.8765000000000001,-0.1140562527467161,0.130710004411572,0.1734878036299515,-0.0161822007134758,1.6306183150494968,3.727144161852316,-1.52109289467133,Roller Element
0.6665,-0.7835000000000001,-0.1133148591239806,0.1259200668872273,0.1694079248028303,-0.0008442192655051,1.3501010728026337,3.924778294590767,-1.4950861457762887,Roller Element
0.632,-0.812,-0.1139002392694955,0.1286904593972113,0.1718715506463533,0.0010224308865555,1.4285420210721915,3.674730995643477,-1.5090263425646666,Roller Element
0.581,-0.8775,-0.1140370379413057,0.1264389893973411,0.1702769219921314,-0.0116247801598439,1.455369459729028,3.40870499440006,-1.493236208638942,Roller Element
0.607,-0.8835,-0.1136398505786415,0.1280949202217196,0.1712516992929352,0.0046716746176539,1.422206933185667,3.5466638513474686,-1.5069859434170128,Roller Element
0.6995,-0.874,-0.1140907270862835,0.1285647971316219,0.1718964342434046,0.0096222363374739,1.6236575394198542,4.061321182652932,-1.5066450850559416,Roller Element
0.519,-0.857,-0.114111333561209,0.1277505106816337,0.1713042489761851,-0.0047193190715235,1.260094859303595,3.029560410718971,-1.501097119996338,Roller Element
0.5715,-0.8395,-0.1143166658528248,0.1273790557821798,0.1711672606098297,-0.0322771440070097,1.500375879121374,3.33394506346651,-1.497369889381467,Roller Element
0.6715,-0.8205,-0.1143235753698911,0.1247032033558568,0.1691893435735021,0.0043233389483863,1.3360643009206168,3.9725501990925367,-1.4798963587599296,Roller Element
0.5345,-0.8105,-0.1141320621124078,0.1234684128617266,0.16816218189919,0.0015718784047665,1.2316662638514857,3.178469446598215,-1.473437886151595,Roller Element
0.62,-0.825,-0.1133223790224132,0.1264877720832053,0.1698477526594043,0.0253627023344869,1.3419882241477534,3.637643053405896,-1.4988498762972908,Roller Element
0.6395,-0.886,-0.1142261829190878,0.1259555661485659,0.1700491269293633,-0.0147209282024432,1.3216997966528226,3.761533046716971,-1.4887341205666331,Roller Element
0.5615,-0.8105,-0.1168268225987597,0.1271981041270087,0.1727470465855752,-0.0083285732722674,1.3720451301995764,3.2506664273303,-1.4794623794996389,Roller Element
0.5775,-0.825,-0.114115459739245,0.1285045908834949,0.1718687513047521,0.0101310877401206,1.3107510416046777,3.358328934017889,-1.5061437383865917,Roller Element
0.587,-0.879,-0.1147636359197226,0.1277249974225677,0.1717234070285214,-0.0239002376331018,1.4077076337240175,3.4172625153912177,-1.4963583221272816,Roller Element
0.6385000000000001,-0.8654999999999999,-0.1144333951853117,0.1285860753766557,0.1721629189235359,-0.0147924713470966,1.3735655223052388,3.695890858463331,-1.5044615495603662,Roller Element
0.6225,-0.8445,-0.1142418086820645,0.1289376043404381,0.1722886990413066,-0.0043466671773216,1.415691030201371,3.613593870659408,-1.508191207372061,Roller Element
0.6114999999999999,-0.884,-0.1144635480248058,0.1238679407886856,0.1686938682030365,-0.0102095796622733,1.3872064818969387,3.614095275448448,-1.4737380866700382,Roller Element
0.6054999999999999,-0.8714999999999999,-0.1139311001513745,0.123754449823402,0.168239762995553,-0.0223025935133776,1.355524154701822,3.59721194514468,-1.4768404826403236,Roller Element
0.5955,-0.808,-0.1149163777528199,0.12585715705971,0.1704578817643018,0.0301683753286589,1.4024666758009603,3.48517704583331,-1.4833288593362275,Roller Element
0.5905,-0.8205,-0.114998315347429,0.1241779899822803,0.1692738676721248,0.00900890602878,1.2249651505841372,3.48043897904833,-1.4719725195406337,Roller Element
0.547,-0.8145,-0.1144981444406465,0.1246737656725946,0.169299147993179,-0.0036098393257597,1.2437642827460291,3.231542929109455,-1.4786553651936831,Roller Element
0.808,-0.951,-0.1136134576883636,0.1272501384569738,0.1706500269156298,0.0432589174371321,1.732660997859223,4.755419129508892,-1.5023959828820268,Roller Element
0.604,-0.8105,-0.1143082425899702,0.1249041609926504,0.1693459849870642,0.0425524105536992,1.171092203477809,3.553533183079578,-1.4814915429808262,Roller Element
0.5605,-0.8145,-0.1137673714536842,0.1243113586113852,0.1685694236709387,0.0491732478481501,1.3558598060349714,3.3278624501192446,-1.4822215850939622,Roller Element
0.6885,-0.9275,-0.1145659456028126,0.1260196492431629,0.1703335103885077,-0.0032848375338446,1.459546297327956,4.049471081352641,-1.4867193215414778,Roller Element
0.9425,-1.045,-0.1131871673421553,0.1259626256612651,0.169377264732736,0.0080849646078985,1.864948470462064,5.573677756968089,-1.496682833606188,Roller Element
0.569,-0.902,-0.1145453635431417,0.1277663457798337,0.1716297384343462,-0.0248126089663742,1.356526196992125,3.317866464860568,-1.4983297394796518,Roller Element
0.651,-0.967,-0.114908882269642,0.1290778170836887,0.1728478924211927,-0.0216923463737319,1.447983681728159,3.7591681655984894,-1.5042625346386749,Roller Element
0.6405000000000001,-0.87,-0.1127235460715855,0.1253349824576618,0.1685862847782012,0.0172579036587576,1.5770201771615129,3.796339160310854,-1.4952449477512673,Roller Element
0.6975,-0.8425,-0.1142733776063284,0.13021491378869,0.1732758724907958,0.0214244673935297,1.251627950554223,4.031586311180901,-1.5164952654279062,Roller Element
0.6935,-1.1155,-0.1145807168318765,0.129839754598435,0.17319017611716,-0.0330195873123032,1.8547570801253015,4.003100835366286,-1.5114238993221885,Roller Element
0.708,-1.05,-0.1132066018848576,0.1305669622650095,0.1728445858051734,-0.0130336567583429,1.896862937325685,4.107660763672911,-1.526839135782032,Roller Element
0.6054999999999999,-0.974,-0.1086534010449729,0.1261268274780073,0.1664890681815154,-0.0318487273740934,1.6197611152853677,3.638792028164416,-1.5338091399844882,Roller Element
1.0645,-0.8815,-0.1152543337077005,0.1272584104652409,0.1717194132984375,0.0629261068755257,1.735124386238336,6.198140380294104,-1.4902316784796517,Roller Element
0.5640000000000001,-0.867,-0.1126617022315542,0.1291150359696781,0.1713659552560332,0.0088311807430284,1.287917867350962,3.294529083235664,-1.520806026358816,Roller Element
0.7749999999999999,-0.8300000000000001,-0.1150976121880951,0.1289271182426795,0.1728359989688261,0.0564973909984106,1.728831427774392,4.501586464041273,-1.5015909051270653,Roller Element
0.675,-1.044,-0.1144772938131744,0.1305348836964185,0.1736417976133895,-0.0072310308055353,1.6711017415055478,3.888085781633692,-1.5169651100850865,Roller Element
0.641,-0.8494999999999999,-0.113711753503589,0.1271078807743974,0.1705563792152488,0.0361553156243222,1.415284671865193,3.7610161864768,-1.499879086272092,Roller Element
0.608,-0.89,-0.1141565261975682,0.1272021569157412,0.1709250340545359,-0.0187530499239703,1.3935970036406804,3.55870945531096,-1.4972265284033075,Roller Element
0.7215,-0.902,-0.1125966111626544,0.1297639133037269,0.1718225504536566,0.0250036190790763,1.5135703308855568,4.1954731130674014,-1.526189921092139,Roller Element
0.619,-0.9215,-0.1141088432052346,0.1298016231266725,0.1728509724193281,-0.0164419123736809,1.4408367213585778,3.5776968185847347,-1.5149206680443776,Roller Element
0.6759999999999999,-0.9985,-0.1136869964353728,0.1302100895418083,0.1728769438737596,0.0042987449861605,1.7667195296029736,3.912665360001326,-1.5206758919621008,Roller Element
0.636,-0.9155,-0.1136311587479857,0.1277836267174963,0.1710261116432046,-0.0363805061004243,1.5427914637078946,3.72124584788208,-1.505070774991803,Roller Element
0.6945,-0.8775,-0.1169513403974803,0.130002663692433,0.1748709213038951,0.013089974212626,1.495359677841428,3.980598757858478,-1.4949689910787909,Roller Element
0.647,-0.8325,-0.1138550222178817,0.1305323347504028,0.1732399868316467,0.0885409560771695,1.397170884689482,3.725738305870359,-1.521742834733101,Roller Element
0.6385,-1.0485,-0.1141844084183798,0.1287587606568414,0.172107788121347,-0.0449957583246524,1.589774176232726,3.716825129778812,-1.5072412700854485,Roller Element
0.613,-0.7995,-0.1142328482836076,0.1268875584409936,0.1707518132303136,0.0163187023649053,1.2662303993263428,3.5898781444702004,-1.4947726275751076,Roller Element
0.6234999999999999,-1.0255,-0.1144874017286,0.1297903007442321,0.1730817013907902,-0.031632243501114,1.5054277842078698,3.604362114824213,-1.5117323235372568,Roller Element
0.625,-0.922,-0.1170280531275941,0.1295008312552605,0.1745432909726918,-0.0550316136379465,1.50245918768581,3.58079214897919,-1.491469990861488,Roller Element
0.6565000000000001,-0.792,-0.1144025343034327,0.1299168252227672,0.173119096696035,0.0351863629090716,1.4114171724211215,3.7877231159898654,-1.5133716457202184,Roller Element
0.607,-0.863,-0.1138837345573514,0.1276432028084354,0.1710806626008356,-0.0259675263483938,1.3616044501652669,3.552572004142087,-1.5021862025805968,Roller Element
0.5955,-0.7995,-0.1145737828995556,0.131348498494996,0.1742998578052239,0.0513556614859197,1.0867471073663737,3.418988503535405,-1.521269442261297,Roller Element
0.6114999999999999,-0.7845,-0.1142213242834122,0.1313602394128905,0.1740857327681703,0.0579029014088594,1.2214436845749712,3.5164908940749084,-1.5241448190509297,Roller Element
0.6385000000000001,-0.8340000000000001,-0.1145348405683871,0.1306865348054182,0.1737832962392755,-0.0139225906424403,1.4510594018869036,3.6748295734027057,-1.5172267931698835,Roller Element
0.652,-0.8665,-0.1148291908784608,0.1300218235456551,0.1734883276514989,0.0480357067849442,1.3366485995200694,3.759783471205277,-1.5108929355938752,Roller Element
0.658,-0.8215,-0.1154250695834757,0.1276843995916824,0.1721280924324887,0.0110473903310692,1.3759680316898586,3.8321471695955687,-1.4912166405102103,Roller Element
0.581,-0.8205,-0.1146342350700717,0.1286383834665645,0.1723176456751136,0.0414523330773951,1.318512873060882,3.377616202714247,-1.503154971225931,Roller Element
0.5825,-0.776,-0.1163820254895258,0.1305325160796054,0.1749049418570154,0.0082860635749682,1.27790829377313,3.3296013622792846,-1.5028266239429768,Roller Element
0.609,-0.7495,-0.1142772352165633,0.1271282233763775,0.1709680865194524,0.042598766126702,1.3699474956497597,3.5555070558933224,-1.4960812478035814,Roller Element
0.6054999999999999,-0.8360000000000001,-0.1135041017627813,0.1271702939988852,0.1704742617576063,0.0149527151050079,1.3139710269760023,3.552370449711635,-1.501854768815563,Roller Element
0.542,-0.8495,-0.1153996777186386,0.1271366241767976,0.1717245210119238,0.0427401013175166,1.3201010355408531,3.154176354724896,-1.4881172805857257,Roller Element
0.621,-0.891,-0.1151322330191903,0.1300495036071682,0.1737025071425198,0.0723031849669541,1.2840616925155055,3.573348300410093,-1.5086570016320136,Roller Element
0.6725000000000001,-0.7885,-0.1169790272962547,0.1318804215449539,0.1762997778925238,0.0140548326408152,1.244286249505099,3.803366898216778,-1.507065748461288,Roller Element
0.6055,-0.847,-0.1144611064993408,0.1333908239613557,0.1757759878216149,0.0119189447559,1.3795505684921183,3.449784267433734,-1.5356056102023252,Roller Element
0.6645,-0.8445,-0.1149090531764246,0.1321501257861109,0.1751349732777325,0.063028451134412,1.3779871972357762,3.789164096404853,-1.524078196497575,Roller Element
0.6859999999999999,-0.958,-0.1151497631720298,0.1322668194286203,0.1753787142629398,0.0556640373482906,1.396175989941585,3.908313332514389,-1.5230584670541083,Roller Element
0.6605,-0.892,-0.1146111382391718,0.132679970127069,0.1753382812155516,0.0364903591115156,1.5961148766034623,3.762513569483548,-1.5299351988609686,Roller Element
0.593,-0.9605,-0.1150601836027149,0.1326655731591615,0.1756289699458957,0.0582511040683202,1.4996379382072136,3.376244497195116,-1.5264361370738797,Roller Element
0.7015,-0.7815,-0.1146456369939938,0.1337360006328768,0.1761596750315654,0.0900841334090236,1.5172174055201904,3.977536156383928,-1.536580215159546,Roller Element
0.6615,-0.8240000000000001,-0.1138604424044142,0.1326675762608968,0.1748472142955877,0.0616944883180058,1.236593699285951,3.784688406420356,-1.5357392382381672,Roller Element
0.609,-0.768,-0.1144314663801943,0.1290608550198475,0.1724978875351323,0.0290798743772725,1.2585743499348916,3.5292821534277032,-1.5074355820859122,Roller Element
0.608,-0.7969999999999999,-0.1148653010400898,0.1293604925155772,0.1730058483849127,0.0129962214711591,1.105121365942282,3.5172253080684963,-1.506169621619437,Roller Element
0.6875,-0.8095,-0.113925118413985,0.1320566730822388,0.1744111471478216,0.1308488426382788,1.4317497035924118,3.937520113446336,-1.5308706987098504,Roller Element
0.6775,-0.8225,-0.1150679964842033,0.1341280566138039,0.1767254753697326,0.0609872665052229,1.2869292605474594,3.8334379052313303,-1.5358067895368146,Roller Element
0.7175,-0.8045,-0.1151179745104741,0.1342708184947038,0.176874750920037,0.0578718000717538,1.450202274404731,4.062273240498741,-1.5365428437152948,Roller Element
0.6445000000000001,-1.023,-0.1145153083646662,0.1336756626564832,0.1760349864315612,0.037559315051068,1.4779974755665974,3.659317740126074,-1.5373502314329612,Roller Element
0.619,-0.835,-0.1156235411885345,0.1332061081734669,0.1763970354265693,0.0457158451247079,1.480396062515621,3.508157125055024,-1.525606244685363,Roller Element
0.604,-0.8280000000000001,-0.1150120123052883,0.1318426883566569,0.1749731629438902,0.0508963639043926,1.305335692926639,3.4521743400947598,-1.5213963732769564,Roller Element
0.6835,-0.8605,-0.1156852873675472,0.1305521968718443,0.1744463885844064,0.0220910036506251,1.4484890954372145,3.9157602512448473,-1.5079166646986386,Roller Element
0.6675,-0.8925,-0.1147867815811319,0.1339946991084504,0.1764563561520594,0.0222625656454551,1.329052349095084,3.775951312211413,-1.537286549876193,Roller Element
0.5700000000000001,-0.7985,-0.1152777235216563,0.1347671957746853,0.17734518771483,0.0056695569724089,1.440328465099051,3.2161459001876183,-1.5383402275736484,Roller Element
0.5905,-0.962,-0.115149543434738,0.1340799019332161,0.1767447227201902,0.0269520866786522,1.2347449485828257,3.3381422408445944,-1.534881547097284,Roller Element
0.5435,-0.889,-0.1147932027931051,0.1357935574594887,0.1778237344813499,0.0211476742526248,1.2270756807003915,3.06059064290508,-1.5491016701306424,Roller Element
0.676,-0.859,-0.1148973094389374,0.1300821879459481,0.1735622983703022,0.0225794982776546,1.3364320347620406,3.895218042420783,-1.5105181917001136,Roller Element
0.5715,-0.846,-0.1155024903559744,0.134630246774602,0.1773892112875895,0.0184258324196639,1.1367398691847854,3.221546482113365,-1.535761048601773,Roller Element
0.6950000000000001,-0.8255,-0.1142568484789296,0.1372629294406206,0.1785990842139596,0.0495438128852647,1.370896236884589,3.8930443403350585,-1.5630866134541068,Roller Element
0.6819999999999999,-0.9195,-0.1147265247326529,0.1342188165580877,0.1765691296531724,0.0121775122829085,1.6536748441770923,3.859124407332505,-1.539018942894516,Roller Element
0.6579999999999999,-0.835,-0.1149027296254699,0.1301509829213718,0.1736355403995969,0.0382502575731804,1.2216655097155686,3.784605065465257,-1.5111788816765424,Roller Element
0.608,-0.907,-0.1147751110894086,0.1369582367256958,0.17869505765023,0.0422615137009263,1.3743795576103723,3.4041482252288597,-1.5569308057600335,Roller Element
0.6435,-0.8620000000000001,-0.1146148737731334,0.1365752316193976,0.178306347170378,0.0833757894140844,1.2168044147253203,3.6095212504978633,-1.5557697637778034,Roller Element
0.593,-0.7815,-0.1152432003515796,0.131718233939954,0.1750206546833054,0.0182438445176375,1.2891837358358145,3.3935151470501497,-1.5186397620089749,Roller Element
0.5825,-0.8215,-0.1141304751208555,0.1352227614495026,0.1769638104338453,0.0435514763608797,1.1927369920663091,3.283692346252237,-1.5504291949047646,Roller Element
0.6359999999999999,-0.8215,-0.1142736705893842,0.1344034124618269,0.1764264909314519,0.067830103487474,1.2927905045150627,3.609385171447066,-1.543960769657922,Roller Element
0.5945,-0.7825,-0.1142813369793447,0.1313708168041229,0.1741567214426799,0.0337189464742182,1.2935296053473175,3.412258381119519,-1.52406002185595,Roller Element
0.646,-0.8205,-0.11358677181503,0.1310560387422636,0.1734588526671296,0.0359323477712711,1.3354653296710364,3.723052980139605,-1.527302260736615,Roller Element
0.692,-0.779,-0.1143559499975584,0.1321235236511341,0.1747551414298707,0.0520002422085131,1.1394991802206391,3.9662265250560464,-1.5281892694107708,Roller Element
0.604,-0.9435,-0.1147325064700424,0.1293381300693399,0.1729343833837318,0.0205434543774837,1.5693615753912824,3.491858443023588,-1.5072601165167006,Roller Element
